ID,LOTE,constr.,bathroom,estac.,rec.,antiguedad,medio bathroom,ZONA,CIUDAD,PROVINCIA,PAIS,tipo_operacion,tipo_inmueble,precio_venta,precio_alquiler
EB-UQ4906,120,120,1,1,2,52,0,Moderna,Guadalajara,Jalisco,Mexico,renta,Casa,0,15500
62CCK8,1064,670,0,10,4,10,1,Providencia,Guadalajara,Jalisco,Mexico,venta / renta,Casa,43900000,195000
599757--618,80,104,0,2,2,A estrenar,0,Terralta,Guadalajara,Jalisco,Mexico,renta,Casa,0,15600
61FCQ3,356,360,1,3,6,5,0,Americana,Guadalajara,Jalisco,Mexico,venta / renta,Casa,18900000,125000
60MCM2,429,380,0,1,10,86,0,Americana,Guadalajara,Jalisco,Mexico,renta,Casa,0,57000
EB-UL6840,1289,546,0,0,9,20,0,Fraccionamiento Colinas de San Javier,Guadalajara,Jalisco,Mexico,renta,Casa,0,120000
62HJIK,719,719,0,5,12,30,0,Arcos Vallarta,Guadalajara,Jalisco,Mexico,renta,Casa,0,110000
EB-UG9215,90,130,0,1,4,5,0,Providencia,Guadalajara,Jalisco,Mexico,renta,Casa,0,30000
62PJ5N,320,600,0,0,9,10,0,Guadalajara Centro,Guadalajara,Jalisco,Mexico,renta,Casa,0,39000
EB-UN1812,358,448,0,4,11,46,1,Arcos Vallarta,Guadalajara,Jalisco,Mexico,renta,Casa,0,57000
IC0134,183,140,0,4,9,4,1,Americana,Guadalajara,Jalisco,Mexico,renta,Casa,0,35000
6309BH,579,340,0,0,11,50,1,Guadalajara Centro,Guadalajara,Jalisco,Mexico,renta,Casa,0,85000
62MH72,500,600,0,5,3,En construcciÃ³n,1,Fraccionamiento Colinas de San Javier,Guadalajara,Jalisco,Mexico,renta,Casa,0,63000
61TA2Q,600,700,0,2,9,A estrenar,1,Providencia,Guadalajara,Jalisco,Mexico,renta,Casa,0,95000
5S36FH,200,200,0,2,3,2,0,Chapalita,Guadalajara,Jalisco,Mexico,renta,Casa,0,26000
61H898,1610,950,0,5,3,30,0,Lomas del Valle,Guadalajara,Jalisco,Mexico,renta,Casa,0,165000
62IKLT,350,550,0,4,5,15,0,Jardines del Bosque,Guadalajara,Jalisco,Mexico,renta,Casa,0,45000
62TC66,350,350,0,2,4,15,1,Prados de Providencia,Guadalajara,Jalisco,Mexico,renta,Casa,0,35000
61KJ3O,535,411,0,5,3,0,1,Lafayette,Guadalajara,Jalisco,Mexico,renta,Casa,0,110000
11,601,455,1,2,0,22,0,Americana,Guadalajara,Jalisco,Mexico,venta / renta,Casa,30000000,150000
Casa TerÃ¡n,286,250,0,0,4,40,0,Barrio Santa Teresita,Guadalajara,Jalisco,Mexico,renta,Casa,0,25520
Casa Justo Sierra,706,628,0,7,5,15,0,Arcos Vallarta,Guadalajara,Jalisco,Mexico,venta / renta,Casa,25000000,95000
5SKE0J,9,9,1,0,1,30,0,Ayuntamiento,Guadalajara,Jalisco,Mexico,renta,Casa,0,8000
530592--530,101,171,0,2,2,10,1,Fraccionamiento Chapultepec Country,Guadalajara,Jalisco,Mexico,renta,Casa,0,23000
62CMQ7,260,320,0,3,4,A estrenar,1,Country Club,Guadalajara,Jalisco,Mexico,renta,Casa,0,36000
61HE6D,409,560,0,4,6,30,0,Providencia,Guadalajara,Jalisco,Mexico,renta,Casa,0,75000
5QD3NI,151,144,0,1,4,40,1,Barrio Santa Teresita,Guadalajara,Jalisco,Mexico,renta,Casa,0,19000
62APSC,150,200,0,0,4,45,1,Barrio Santa Teresita,Guadalajara,Jalisco,Mexico,renta,Casa,0,19000
62S07K,1060,670,0,11,4,7,1,Providencia,Guadalajara,Jalisco,Mexico,venta / renta,Casa,43900000,195000
Casa Justo Sierra,706,628,0,7,5,15,0,Arcos Vallarta,Guadalajara,Jalisco,Mexico,venta / renta,Casa,25000000,95000
61S797,0,250,0,3,4,20,1,Providencia,Guadalajara,Jalisco,Mexico,renta,Casa,0,38000
530592--530,101,171,0,2,2,10,1,Fraccionamiento Chapultepec Country,Guadalajara,Jalisco,Mexico,renta,Casa,0,23000
62TADA,161,175,0,2,3,27,0,Fraccionamiento Jardines Alcalde,Guadalajara,Jalisco,Mexico,renta,Casa,0,19500
Casa TerÃ¡n,286,250,0,0,4,40,0,Barrio Santa Teresita,Guadalajara,Jalisco,Mexico,renta,Casa,0,25520
11,601,455,1,2,0,22,0,Americana,Guadalajara,Jalisco,Mexico,venta / renta,Casa,30000000,150000
62APSC,150,200,0,0,4,45,1,Barrio Santa Teresita,Guadalajara,Jalisco,Mexico,renta,Casa,0,19000
EB-US6245,686,528,0,10,9,63,0,Arcos Vallarta,Guadalajara,Jalisco,Mexico,venta / renta,Casa,40000000,118000
6245G2,400,380,0,3,4,30,1,LadrÃ³n de Guevara,Guadalajara,Jalisco,Mexico,renta,Casa,0,49000
CYNTHIA TELLEZ,1500,1999,0,18,12,40,0,Guadalajara Centro,Guadalajara,Jalisco,Mexico,renta,Casa,0,110000
EB-UG9220,240,185,0,1,3,55,0,Providencia,Guadalajara,Jalisco,Mexico,renta,Casa,0,40000
EB-UC4004,240,350,0,1,7,56,0,Providencia,Guadalajara,Jalisco,Mexico,renta,Casa,0,65000
594716--156,76,116,0,1,3,30,1,Lagos de Oriente,Guadalajara,Jalisco,Mexico,renta,Casa,0,12500
PHO5977970,1168,1350,0,4,3,40,1,Fraccionamiento Jardines del Country,Guadalajara,Jalisco,Mexico,renta,Casa,0,220000
404988--311,231,296,0,3,6,49,0,Vallarta Poniente,Guadalajara,Jalisco,Mexico,renta,Casa,0,30000
35POC2,380,500,0,5,4,33,0,Fraccionamiento Terranova,Guadalajara,Jalisco,Mexico,renta,Casa,0,45000
NX-259861,889,1084,0,8,10,45,0,Prados de Providencia,Guadalajara,Jalisco,Mexico,renta,Casa,0,130000
62OB3O,1000,350,0,0,3,10,0,Colinas de HuentitAn,Guadalajara,Jalisco,Mexico,renta,Casa,0,35000
Chmp,589,1130,0,4,4,35,1,Fraccionamiento Prados de Providencia,Guadalajara,Jalisco,Mexico,renta,Casa,0,70000
61LH6C,350,296,0,6,4,54,1,Country Club,Guadalajara,Jalisco,Mexico,venta / renta,Casa,13500000,60000
97365,520,610,0,4,4,35,1,Fraccionamiento Colinas de San Javier,Guadalajara,Jalisco,Mexico,renta,Casa,0,59000
62TR93,626,490,0,5,4,15,1,Fraccionamiento Colinas de San Javier,Guadalajara,Jalisco,Mexico,venta / renta,Casa,28000000,120000
62P5CB,530,415,0,2,3,A estrenar,1,Fraccionamiento Colinas de San Javier,Guadalajara,Jalisco,Mexico,renta,Casa,0,105000
62KPET,140,140,1,0,1,25,0,Guadalajara,Guadalajara,Jalisco,Mexico,renta,Casa,0,5500
60I1GA,550,480,0,13,9,3,0,Lomas de Guevara,Guadalajara,Jalisco,Mexico,renta,Casa,0,76000
629M35,100,200,0,1,3,25,1,Guadalajara,Guadalajara,Jalisco,Mexico,renta,Casa,0,19500
597279--310,160,113,0,1,2,35,0,Fraccionamiento Jardines Alcalde,Guadalajara,Jalisco,Mexico,renta,Casa,0,15000
AROMER,300,429,0,4,4,30,1,Prados de Providencia,Guadalajara,Jalisco,Mexico,renta,Casa,0,55000
BHO6985694,25,25,0,0,3,A estrenar,0,Providencia,Guadalajara,Jalisco,Mexico,renta,Casa,0,6300
62PKKB,217,297,0,4,4,15,1,Fraccionamiento Autocinema,Guadalajara,Jalisco,Mexico,renta,Casa,0,18000
5ab4243c533e3a2358747f83-2073,1450,1450,0,6,4,0,0,Chapalita,Guadalajara,Jalisco,Mexico,renta,Casa,0,400000
5TO2GE,160,136,0,2,3,15,1,Lomas Santa Rita,Guadalajara,Jalisco,Mexico,renta,Casa,0,15500
5TCDR4,950,900,0,6,3,3,1,Country Club,Guadalajara,Jalisco,Mexico,renta,Casa,0,200000
PHO6635325,718,1276,0,2,3,40,1,Fraccionamiento Lomas Del Country,Guadalajara,Jalisco,Mexico,renta,Casa,0,120000
60JCG0,349,407,0,2,6,0,0,Monumental,Guadalajara,Jalisco,Mexico,renta,Casa,0,26000
62MSCD,200,160,0,2,3,30,0,San AndrÃ©s,Guadalajara,Jalisco,Mexico,renta,Casa,0,14000
5TH92E,800,1095,0,8,20,20,0,Moderna,Guadalajara,Jalisco,Mexico,venta / renta,Casa,21000000,55000
61LC3N,247,247,0,0,8,30,0,LadrÃ³n de Guevara,Guadalajara,Jalisco,Mexico,renta,Casa,0,40000
62P5CB,530,415,0,2,3,A estrenar,1,Fraccionamiento Colinas de San Javier,Guadalajara,Jalisco,Mexico,renta,Casa,0,105000
627ST1,507,788,0,4,4,35,1,Jardines del Bosque,Guadalajara,Jalisco,Mexico,renta,Casa,0,50000
5T6F8G,220,251,0,2,3,40,0,Moderna,Guadalajara,Jalisco,Mexico,venta / renta,Casa,6380000,28000
60OA9S,250,250,0,2,2,50,0,Providencia 4a Secc,Guadalajara,Jalisco,Mexico,renta,Casa,0,39600
61TA98,310,410,0,2,4,1,1,Real,Guadalajara,Jalisco,Mexico,renta,Casa,0,43000
62R1Q3,300,0,0,2,0,0,1,Jardines del Bosque,Guadalajara,Jalisco,Mexico,renta,Casa,0,48000
61E7RL,589,1137,0,4,5,5,1,Prados de Providencia,Guadalajara,Jalisco,Mexico,renta,Casa,0,75000
594716--156,76,116,0,1,3,30,1,Lagos de Oriente,Guadalajara,Jalisco,Mexico,renta,Casa,0,12500
62GA1R,403,620,0,3,4,10,0,Villa La Victoria,Guadalajara,Jalisco,Mexico,venta / renta,Casa,12000000,50000
5TEFIJ,438,440,0,0,0,2,0,Vallarta Sur,Guadalajara,Jalisco,Mexico,renta,Casa,0,95000
NX-259861,889,1084,0,8,10,45,0,Prados de Providencia,Guadalajara,Jalisco,Mexico,renta,Casa,0,130000
62SB87,240,240,0,1,3,30,0,Americana,Guadalajara,Jalisco,Mexico,renta,Casa,0,33000
5S1SC3,506,523,0,7,5,3,0,Providencia,Guadalajara,Jalisco,Mexico,renta,Casa,0,65000
AROMER,300,429,0,4,4,30,1,Prados de Providencia,Guadalajara,Jalisco,Mexico,renta,Casa,0,55000
60I1GA,550,480,0,13,9,3,0,Lomas de Guevara,Guadalajara,Jalisco,Mexico,renta,Casa,0,76000
62KPET,140,140,1,0,1,25,0,Guadalajara,Guadalajara,Jalisco,Mexico,renta,Casa,0,5500
623ARM,128,181,0,2,2,15,0,San Antonio,Guadalajara,Jalisco,Mexico,renta,Casa,0,15400
580533--156,68,194,0,2,4,10,0,Esperanza,Guadalajara,Jalisco,Mexico,renta,Casa,0,25000
61LH6C,350,296,0,6,4,54,1,Country Club,Guadalajara,Jalisco,Mexico,venta / renta,Casa,13500000,60000
PHO6392054,495,495,0,16,8,A estrenar,0,Chapalita,Guadalajara,Jalisco,Mexico,renta,Casa,0,169000
BHO6985694,25,25,0,0,3,A estrenar,0,Providencia,Guadalajara,Jalisco,Mexico,renta,Casa,0,6300
597279--310,160,113,0,1,2,35,0,Fraccionamiento Jardines Alcalde,Guadalajara,Jalisco,Mexico,renta,Casa,0,15000
5TCDR4,950,900,0,6,3,3,1,Country Club,Guadalajara,Jalisco,Mexico,renta,Casa,0,200000
5T8RQ8,1187,958,0,12,12,20,0,Jardines del Bosque,Guadalajara,Jalisco,Mexico,renta,Casa,0,95000
PHO5977970,1168,1350,0,4,3,40,1,Fraccionamiento Jardines del Country,Guadalajara,Jalisco,Mexico,renta,Casa,0,220000
627ST1,507,788,0,4,4,35,1,Jardines del Bosque,Guadalajara,Jalisco,Mexico,renta,Casa,0,50000
601C7A,2000,2000,0,0,0,A estrenar,0,LadrÃ³n de Guevara,Guadalajara,Jalisco,Mexico,renta,Casa,0,230000
AROMER,300,429,0,4,4,30,1,Prados de Providencia,Guadalajara,Jalisco,Mexico,renta,Casa,0,55000
62TR93,626,490,0,5,4,15,1,Fraccionamiento Colinas de San Javier,Guadalajara,Jalisco,Mexico,venta / renta,Casa,28000000,120000
62OB3O,1000,350,0,0,3,10,0,Colinas de HuentitAn,Guadalajara,Jalisco,Mexico,renta,Casa,0,35000
Chmp,589,1130,0,4,4,35,1,Fraccionamiento Prados de Providencia,Guadalajara,Jalisco,Mexico,renta,Casa,0,70000
62E8JQ,241,170,0,0,5,15,0,Americana,Guadalajara,Jalisco,Mexico,renta,Casa,0,36000
627SPL,500,600,0,3,5,100,0,Country Club,Guadalajara,Jalisco,Mexico,renta,Casa,0,55000
629M35,100,200,0,1,3,25,1,Guadalajara,Guadalajara,Jalisco,Mexico,renta,Casa,0,19500
97365,520,610,0,4,4,35,1,Fraccionamiento Colinas de San Javier,Guadalajara,Jalisco,Mexico,renta,Casa,0,59000
62GAEO,600,700,0,2,9,10,0,Providencia,Guadalajara,Jalisco,Mexico,renta,Casa,0,95000
61SKTF,51,97,1,0,1,5,0,Mexicaltzingo,Guadalajara,Jalisco,Mexico,renta,Casa,0,9000
2G94HC,500,650,0,3,5,6,1,Providencia 4a Secc,Guadalajara,Jalisco,Mexico,renta,Casa,0,60000
5SF11A,9,9,1,0,1,25,0,Ayuntamiento,Guadalajara,Jalisco,Mexico,renta,Casa,0,8000
62PKKB,217,297,0,4,4,15,1,Fraccionamiento Autocinema,Guadalajara,Jalisco,Mexico,renta,Casa,0,18000
61TAAJ,280,320,0,2,3,A estrenar,1,Providencia,Guadalajara,Jalisco,Mexico,renta,Casa,0,52000
62N2OC,80,100,1,0,2,30,1,San Carlos,Guadalajara,Jalisco,Mexico,renta,Casa,0,8000
5T6F8G,220,251,0,2,3,40,0,Moderna,Guadalajara,Jalisco,Mexico,venta / renta,Casa,6380000,28000
62S6HH,160,110,1,0,2,25,0,PanorAmica HuentitAn,Guadalajara,Jalisco,Mexico,renta,Casa,0,10000
62G8GK,80,1,0,2,3,1,1,Terralta,Guadalajara,Jalisco,Mexico,renta,Casa,0,16000
IHO6858908,250,250,0,0,1,7,0,Americana,Guadalajara,Jalisco,Mexico,renta,Casa,0,8500
62C7HD,600,300,0,4,4,10,1,Jardines de Atemajac,Guadalajara,Jalisco,Mexico,renta,Casa,0,33000
62R2CD,150,150,0,0,3,1,0,VillaseÃ±or,Guadalajara,Jalisco,Mexico,renta,Casa,0,22000
5QLS0J,301,301,1,0,1,30,0,Unidad Modelo,Guadalajara,Jalisco,Mexico,renta,Casa,0,5000
62FAL0,240,200,0,0,4,21,1,Arcos Vallarta,Guadalajara,Jalisco,Mexico,renta,Casa,0,22000
62T38B,0,75,0,0,2,A estrenar,0,Ayuntamiento,Guadalajara,Jalisco,Mexico,renta,Casa,0,17000
60K2G7,403,620,0,3,5,20,0,Bosques de La Victoria,Guadalajara,Jalisco,Mexico,renta,Casa,0,50000
EB-TQ8774,753,604,0,6,5,13,1,Valle Real,Zapopan,Jalisco,Mexico,renta,Casa,0,97000
RCR-2056,1439,506,0,7,5,35,0,Las Fuentes,Zapopan,Jalisco,Mexico,renta,Casa,0,99900
60SFEQ,675,725,0,4,4,1,1,Puerta de Hierro,Zapopan,Jalisco,Mexico,renta,Casa,0,85000
EB-TQ8774,753,604,0,6,5,13,1,Valle Real,Zapopan,Jalisco,Mexico,venta / renta,Casa,26500000,97000
10,238,238,0,2,3,A estrenar,0,Zapopan,Zapopan,Jalisco,Mexico,renta,Casa,0,22500
62L26R,220,300,0,2,4,15,1,Fraccionamiento Bugambilias,Zapopan,Jalisco,Mexico,renta,Casa,0,8600000
EB-UO5455,340,498,0,3,4,3,0,Fraccionamiento Puerta Las Lomas,Zapopan,Jalisco,Mexico,renta,Casa,0,120000
62MC8K,200,200,0,2,3,A estrenar,1,Fraccionamiento Valle Imperial,Zapopan,Jalisco,Mexico,renta,Casa,0,26800
EB-SZ5067,71,69,1,1,3,6,1,Copalita,Zapopan,Jalisco,Mexico,renta,Casa,0,7900
62OGCJ,250,180,0,3,3,9,1,La Estancia,Zapopan,Jalisco,Mexico,renta,Casa,0,27000
36QFHA,200,250,0,3,4,0,1,Zapopan,Zapopan,Jalisco,Mexico,renta,Casa,0,25000
61OTKP,240,290,0,2,4,31,1,Zapopan,Zapopan,Jalisco,Mexico,renta,Casa,0,35000
627F7L,150,250,0,2,4,15,1,Prados Tepeyac,Zapopan,Jalisco,Mexico,renta,Casa,0,33000
60AORH,250,300,0,2,5,10,1,Los Maestros,Zapopan,Jalisco,Mexico,renta,Casa,0,45000
613LM4,162,305,0,4,4,0,1,Pinar de La Calma,Zapopan,Jalisco,Mexico,renta,Casa,0,35000
5TKOG9,280,345,0,2,3,2,1,La Mojonera,Zapopan,Jalisco,Mexico,renta,Casa,0,48500
EB-UQ8247,150,200,0,2,3,5,0,Fraccionamiento La Cima,Zapopan,Jalisco,Mexico,renta,Casa,0,25000
61MKAB,123,229,0,2,4,15,1,Ciudad Granja,Zapopan,Jalisco,Mexico,renta,Casa,0,33500
62R57D,300,280,0,3,3,20,0,Ciudad Bugambilia,Zapopan,Jalisco,Mexico,renta,Casa,0,25000
1996 190,180,220,0,2,4,A estrenar,0,Nuevo México,Zapopan,Jalisco,Mexico,renta,Casa,0,22000
62RI3O,140,226,0,2,4,0,0,Fraccionamiento La Cima,Zapopan,Jalisco,Mexico,renta,Casa,0,30000
VHO7458530,0,0,0,2,4,7,1,Santa Ana Tepetitlán,Zapopan,Jalisco,Mexico,renta,Casa,0,19000
62P436,210,240,0,3,3,12,0,Fraccionamiento Solares,Zapopan,Jalisco,Mexico,renta,Casa,0,35000
EB-UQ0627,416,415,0,4,4,10,0,Valle Real,Zapopan,Jalisco,Mexico,renta,Casa,0,76500
arauca II,380,550,0,6,6,5,0,Fraccionamiento Arauca,Zapopan,Jalisco,Mexico,renta,Casa,0,79000
62BABG,150,150,0,2,3,5,0,Francisco Sarabia,Zapopan,Jalisco,Mexico,renta,Casa,0,19800
EB-UQ0641,360,420,0,4,4,10,1,Valle Real,Zapopan,Jalisco,Mexico,renta,Casa,0,78000
2G90M6,183,170,0,1,3,A estrenar,0,Fraccionamiento Camino Real,Zapopan,Jalisco,Mexico,renta,Casa,0,21000
2L7QB4,600,650,0,6,4,15,1,Puerta de Hierro,Zapopan,Jalisco,Mexico,renta,Casa,0,85000
62S19J,390,600,0,6,5,6,1,Fraccionamiento Villa Verona,Zapopan,Jalisco,Mexico,renta,Casa,0,87500
RCR-2215,656,532,0,4,3,17,1,Colinas de San Javier,Zapopan,Jalisco,Mexico,renta,Casa,0,114000
C-093,807,610,0,4,4,30,1,Ciudad Del Sol,Zapopan,Jalisco,Mexico,venta / renta,Casa,20500000,80000
EB-UA8384,128,140,0,2,3,17,1,San Juan de Ocotan,Zapopan,Jalisco,Mexico,renta,Casa,0,27000
5TK087,200,285,0,2,3,2,1,La Estancia,Zapopan,Jalisco,Mexico,renta,Casa,0,33000
62HLFJ,208,250,0,2,4,12,0,Virreyes Residencial,Zapopan,Jalisco,Mexico,renta,Casa,0,41000
624LIO,415,486,0,4,3,25,1,Puerta de Hierro,Zapopan,Jalisco,Mexico,renta,Casa,0,60000
62TD0J,280,250,0,3,5,0,0,Fraccionamiento Prados Vallarta,Zapopan,Jalisco,Mexico,renta,Casa,0,23000
EB-TX7899,419,355,0,7,4,A estrenar,1,Puerta de Hierro,Zapopan,Jalisco,Mexico,renta,Casa,0,115000
2BQD9C,180,180,0,2,3,15,1,La Estancia,Zapopan,Jalisco,Mexico,renta,Casa,0,25000
61RPTL,509,439,0,6,3,5,1,Villa Coral,Zapopan,Jalisco,Mexico,renta,Casa,0,73000
9b,193,171,0,2,3,15,1,Paseos del Sol,Zapopan,Jalisco,Mexico,renta,Casa,0,23000
62RSKM,208,300,0,3,5,30,1,Mirador Del Sol,Zapopan,Jalisco,Mexico,renta,Casa,0,33000
I24-M-146311104,3060000,362,0,3,0,33,1,Fraccionamiento Jardines de Guadalupe,Zapopan,Jalisco,Mexico,renta,Casa,0,35000
IHO6938169,99,140,0,2,2,2,0,Zapopan,Zapopan,Jalisco,Mexico,renta,Casa,0,16750
62ME58,90,115,0,2,3,A estrenar,1,Alva Residencial,Zapopan,Jalisco,Mexico,renta,Casa,0,14000
5Q4N4N,300,280,0,2,4,2,1,Fraccionamiento Valle Imperial,Zapopan,Jalisco,Mexico,renta,Casa,0,43800
2CQII7,300,290,0,2,3,5,1,Ciudad Granja,Zapopan,Jalisco,Mexico,renta,Casa,0,50000
62FQ2A,71,76,1,2,3,0,1,Chapalita Oriente,Zapopan,Jalisco,Mexico,renta,Casa,0,13000
2MN0S9,1000,1000,0,10,5,2,1,Colinas de San Javier,Zapopan,Jalisco,Mexico,renta,Casa,0,140000
62BK80,130,130,0,2,3,5,1,Arándanos Cañada Residencial,Zapopan,Jalisco,Mexico,renta,Casa,0,15000
5QQFO7,258,258,0,2,3,5,0,Lomas del Valle,Zapopan,Jalisco,Mexico,renta,Casa,0,45000
62M0HT,315,280,0,2,5,12,0,Villa Universitaria,Zapopan,Jalisco,Mexico,renta,Casa,0,60000
62LNK9,300,400,0,12,1,A estrenar,0,La Calma,Zapopan,Jalisco,Mexico,renta,Casa,0,9300
EB-UC5988,100,150,0,2,2,10,1,Lomas Altas,Zapopan,Jalisco,Mexico,renta,Casa,0,32500
5S18TP,245,215,0,0,3,A estrenar,1,Lomas Altas,Zapopan,Jalisco,Mexico,renta,Casa,0,42900
62NSR1,201,195,0,2,3,15,1,Fraccionamiento Jardín Real,Zapopan,Jalisco,Mexico,renta,Casa,0,31000
62SIF9,105,105,0,1,3,9,1,Mariano Otero,Zapopan,Jalisco,Mexico,renta,Casa,0,15900
62RKH8,90,100,0,2,3,1,1,Zapopan,Zapopan,Jalisco,Mexico,renta,Casa,0,14000
5SFK4O,133,120,0,2,3,20,1,Jardines Del Vergel,Zapopan,Jalisco,Mexico,renta,Casa,0,3800000
5QQFO7,258,258,0,2,3,5,0,Lomas del Valle,Zapopan,Jalisco,Mexico,renta,Casa,0,45000
IXCH,80,80,0,1,3,5,0,Fraccionamiento Parques de Tesistán,Zapopan,Jalisco,Mexico,renta,Casa,0,8500
62J86A,190,200,0,2,3,A estrenar,1,Fraccionamiento Solares,Zapopan,Jalisco,Mexico,renta,Casa,0,33000
62OIIB,121,155,0,2,3,8,1,Juan Manuel Vallarta,Zapopan,Jalisco,Mexico,renta,Casa,0,32000
62BTFL,150,250,0,2,4,2,1,Fraccionamiento Solares,Zapopan,Jalisco,Mexico,renta,Casa,0,36500
62FQ2A,71,76,1,2,3,0,1,Chapalita Oriente,Zapopan,Jalisco,Mexico,renta,Casa,0,13000
62I9B7,175,115,0,2,3,0,1,Chapalita Oriente,Zapopan,Jalisco,Mexico,renta,Casa,0,19300
60KQJI,1029,453,0,4,4,12,0,Las Fuentes,Zapopan,Jalisco,Mexico,venta / renta,Casa,32000000,110000
62HL9M,4600,1000,0,20,6,10,0,Las Cañadas,Zapopan,Jalisco,Mexico,venta / renta,Casa,47000000,98000
5TK087,200,285,0,2,3,2,1,La Estancia,Zapopan,Jalisco,Mexico,renta,Casa,0,33000
5RNK04,390,395,0,4,3,10,1,Valle Real,Zapopan,Jalisco,Mexico,renta,Casa,0,54900
62I3M5,1000,700,0,12,4,2,1,Ayamonte,Zapopan,Jalisco,Mexico,renta,Casa,0,150000
61S024,123306,123306,0,2,3,4,1,Nuevo México,Zapopan,Jalisco,Mexico,renta,Casa,0,16300
5RAAP1,700,850,0,6,5,3,1,Puerta de Hierro,Zapopan,Jalisco,Mexico,venta / renta,Casa,31300000,89000
62ME58,90,115,0,2,3,A estrenar,1,Alva Residencial,Zapopan,Jalisco,Mexico,renta,Casa,0,14000
61O6LI,135,180,0,3,3,0,1,Fraccionamiento Valle Imperial,Zapopan,Jalisco,Mexico,renta,Casa,0,19800
2CCPJB,430,430,0,6,3,7,0,Puerta de Hierro,Zapopan,Jalisco,Mexico,renta,Casa,0,100000
63027D,263,276,0,2,3,20,1,Fraccionamiento Jardín Real,Zapopan,Jalisco,Mexico,renta,Casa,0,29800
62PMF3,206,238,0,2,3,1,0,Fraccionamiento La Cima,Zapopan,Jalisco,Mexico,renta,Casa,0,32000
62P9MH,460,680,0,6,3,A estrenar,1,Zapopan,Zapopan,Jalisco,Mexico,renta,Casa,0,140000
62BK80,130,130,0,2,3,5,1,Arándanos Cañada Residencial,Zapopan,Jalisco,Mexico,renta,Casa,0,15000
EB-KR9792,410,475,0,6,5,A estrenar,0,Fraccionamiento Diana Nature Residencial,Zapopan,Jalisco,Mexico,renta,Casa,0,45000
61AR28,1026,685,0,4,5,8,1,Las Cañadas,Zapopan,Jalisco,Mexico,renta,Casa,0,78000
SHO7455391,308,440,0,4,5,25,0,La Estancia,Zapopan,Jalisco,Mexico,renta,Casa,0,46750
62LNK9,300,400,0,12,1,A estrenar,0,La Calma,Zapopan,Jalisco,Mexico,renta,Casa,0,9300
9b,193,171,0,2,3,15,1,Paseos del Sol,Zapopan,Jalisco,Mexico,renta,Casa,0,23000
I24-M-146311104,3060000,362,0,3,0,33,1,Fraccionamiento Jardines de Guadalupe,Zapopan,Jalisco,Mexico,renta,Casa,0,35000
5RR96S,155,155,0,3,3,5,1,Fraccionamiento Solares,Zapopan,Jalisco,Mexico,renta,Casa,0,34000
62LASO,468,468,0,5,6,15,1,Fraccionamiento Bugambilias,Zapopan,Jalisco,Mexico,renta,Casa,0,65000
62LASO,468,468,0,5,6,15,1,Fraccionamiento Bugambilias,Zapopan,Jalisco,Mexico,renta,Casa,0,65000
EB-KR9792,410,475,0,6,5,A estrenar,0,Fraccionamiento Diana Nature Residencial,Zapopan,Jalisco,Mexico,renta,Casa,0,45000
62OI8N,102,150,0,3,3,10,1,Magisterial Mirador de San Isidro,Zapopan,Jalisco,Mexico,renta,Casa,0,3500000
62HLFJ,208,250,0,2,4,12,0,Virreyes Residencial,Zapopan,Jalisco,Mexico,renta,Casa,0,41000
2RKP12,0,90,1,1,2,8,0,Fraccionamiento Valle de San Isidro,Zapopan,Jalisco,Mexico,renta,Casa,0,12500
cecilia,180,180,0,2,3,30,0,Loma Bonita,Zapopan,Jalisco,Mexico,renta,Casa,0,23000
2MN0S9,1000,1000,0,10,5,2,1,Colinas de San Javier,Zapopan,Jalisco,Mexico,renta,Casa,0,140000
61O96R,700,415,0,3,4,45,1,Fraccionamiento Jardines de San Ignacio,Zapopan,Jalisco,Mexico,renta,Casa,0,50000
627R0N,140,220,0,2,4,3,0,Fraccionamiento La Cima,Zapopan,Jalisco,Mexico,renta,Casa,0,25000
62F4HB,100,120,0,2,3,7,1,Fraccionamiento Bosques Del Centinela ,Zapopan,Jalisco,Mexico,renta,Casa,0,14500
2BQD9C,180,180,0,2,3,15,1,La Estancia,Zapopan,Jalisco,Mexico,renta,Casa,0,25000
5QQFO7,258,258,0,2,3,5,0,Lomas del Valle,Zapopan,Jalisco,Mexico,renta,Casa,0,45000
2CQII7,300,290,0,2,3,5,1,Ciudad Granja,Zapopan,Jalisco,Mexico,renta,Casa,0,50000
5RAAP1,700,850,0,6,5,3,1,Puerta de Hierro,Zapopan,Jalisco,Mexico,venta / renta,Casa,31300000,89000
596874--627,2020,998,0,14,4,A estrenar,0,Seattle,Zapopan,Jalisco,Mexico,renta,Casa,0,145000
61FGQP,108,105,0,2,3,A estrenar,1,La Moraleja,Zapopan,Jalisco,Mexico,renta,Casa,0,14900
62BK80,130,130,0,2,3,5,1,Arándanos Cañada Residencial,Zapopan,Jalisco,Mexico,renta,Casa,0,15000
62PMF3,206,238,0,2,3,1,0,Fraccionamiento La Cima,Zapopan,Jalisco,Mexico,renta,Casa,0,32000
SHO7455391,308,440,0,4,5,25,0,La Estancia,Zapopan,Jalisco,Mexico,renta,Casa,0,46750
62KN1J,1000,1300,0,6,5,0,0,El Bajío,Zapopan,Jalisco,Mexico,renta,Casa,0,130000
RCR-2246,67,126,0,1,2,2,1,Lomas de La Soledad,Tonalá,Jalisco,Mexico,renta,Casa,0,8000
61S55K,110,145,0,2,3,A estrenar,0,Fraccionamiento Residencial el Prado,Tonalá,Jalisco,Mexico,renta,Casa,0,10800
62OM6H,200,330,0,3,3,A estrenar,0,Tonalá,Tonalá,Jalisco,Mexico,venta / renta,Casa,4950000,1
62B819,0,1,0,1,2,10,0,Fraccionamiento Paseo de la Cañada,Tonalá,Jalisco,Mexico,renta,Casa,0,8100
62S3L3,77,160,0,2,3,A estrenar,0,Rancho La Cruz,Tonalá,Jalisco,Mexico,renta,Casa,0,7299
62R4Q1,70,65,0,2,3,9,1,Prados de Coyula,Tonalá,Jalisco,Mexico,renta,Casa,0,8500
62DMGA,1,1,0,1,3,A estrenar,1,Loma Dorada Delegación a,Tonalá,Jalisco,Mexico,renta,Casa,0,20000
62TMS0,1,1,1,1,3,1,0,Colinas de Tonalá,Tonalá,Jalisco,Mexico,renta,Casa,0,5500
RCR-2247,120,120,0,2,3,5,1,La Caridad,San Pedro Tlaquepaque,Jalisco,Mexico,renta,Casa,0,14000
62S16B,83,94,0,1,2,5,1,Fraccionamiento Las Terrazas Residencial,San Pedro Tlaquepaque,Jalisco,Mexico,renta,Casa,0,9800
605ERL,60,62,0,1,2,19,0,Ponciano Arriaga,San Pedro Tlaquepaque,Jalisco,Mexico,renta,Casa,0,8000
62SBCS,80,114,0,2,4,20,0,Fraccionamiento Parques del Bosque,San Pedro Tlaquepaque,Jalisco,Mexico,renta,Casa,0,13500
Arezzo Firenze,97,110,0,1,3,8,0,Fraccionamiento Los Olivos de Tlaquepaque,San Pedro Tlaquepaque,Jalisco,Mexico,renta,Casa,0,13900
60J4GE,7150,125,0,2,2,A estrenar,1,Fraccionamiento Loreto,San Pedro Tlaquepaque,Jalisco,Mexico,renta,Casa,0,14500
EB-UD0558,252,286,0,0,5,20,0,San Pedro Tlaquepaque,San Pedro Tlaquepaque,Jalisco,Mexico,renta,Casa,0,24999
62OBRR,119,186,0,2,3,4,1,San Pedro Tlaquepaque,San Pedro Tlaquepaque,Jalisco,Mexico,renta,Casa,0,23000
62H4NB,100,130,0,2,3,3,1,Parques de Santa Cruz Del Valle,San Pedro Tlaquepaque,Jalisco,Mexico,renta,Casa,0,13500
61MT6H,60,63,0,1,2,0,0,Fraccionamiento Santa Anita Residencial,San Pedro Tlaquepaque,Jalisco,Mexico,renta,Casa,0,6850
621JJP,100,120,0,2,3,1,1,Real de Santa Anita,San Pedro Tlaquepaque,Jalisco,Mexico,renta,Casa,0,10500
2TL1IR,0,80,0,280,2,6,0,Fraccionamiento Los Olivos de Tlaquepaque,San Pedro Tlaquepaque,Jalisco,Mexico,renta,Casa,0,13000
62MP9F,95,95,0,2,4,10,1,Residencial Parques Del Bosque,San Pedro Tlaquepaque,Jalisco,Mexico,renta,Casa,0,14000
5PA5PO,75,90,0,2,2,4,1,Fraccionamiento Parques del Bosque,San Pedro Tlaquepaque,Jalisco,Mexico,renta,Casa,0,12000
EB-TS8092,80,82,0,2,2,A estrenar,0,Parques de Santa Cruz Del Valle,San Pedro Tlaquepaque,Jalisco,Mexico,renta,Casa,0,9900
595008--156,134,176,0,2,3,1,1,Pueblo Santa Anita,San Pedro Tlaquepaque,Jalisco,Mexico,renta,Casa,0,15000
63057D,75,120,1,1,2,10,1,Tlaquepaque,San Pedro Tlaquepaque,Jalisco,Mexico,renta,Casa,0,10500
61FCAQ,80,101,0,2,3,15,0,Fraccionamiento Paseos Del Prado,San Pedro Tlaquepaque,Jalisco,Mexico,renta,Casa,0,12000
61SLTB,80,60,1,1,2,15,0,Parques de Santa Maria,San Pedro Tlaquepaque,Jalisco,Mexico,renta,Casa,0,9500
62I21C,185,185,1,2,1,1,1,Fraccionamiento Villa Fontana,San Pedro Tlaquepaque,Jalisco,Mexico,renta,Casa,0,32000
62PPI8,100,100,1,0,2,10,1,San Pedro Tlaquepaque,San Pedro Tlaquepaque,Jalisco,Mexico,renta,Casa,0,8990
TLQ060C,70,60,1,2,3,10,1,Fraccionamiento Los Portales,San Pedro Tlaquepaque,Jalisco,Mexico,renta,Casa,0,11000
62TQF2,85,91,0,2,4,10,1,Fraccionamiento Terralta,San Pedro Tlaquepaque,Jalisco,Mexico,renta,Casa,0,13000
NX-261015,67,67,1,1,2,22,1,Haciendas de San Jose,San Pedro Tlaquepaque,Jalisco,Mexico,renta,Casa,0,9500
62TQGC,80,180,0,1,5,13,1,Parques de Santa Maria,San Pedro Tlaquepaque,Jalisco,Mexico,renta,Casa,0,12000
PHO7394039,69,69,1,2,2,1,1,Fraccionamiento Parques Santa Cruz Del Valle,San Pedro Tlaquepaque,Jalisco,Mexico,renta,Casa,0,9150
159281R,115,115,1,1,2,25,1,Haciendas de San Jose,San Pedro Tlaquepaque,Jalisco,Mexico,renta,Casa,0,9000
145038R,90,90,0,1,2,16,0,San Pedro Tlaquepaque,San Pedro Tlaquepaque,Jalisco,Mexico,renta,Casa,0,7000
62MQ10,96,150,0,0,4,20,0,Fraccionamiento Villa Fontana,San Pedro Tlaquepaque,Jalisco,Mexico,renta,Casa,0,9000
61P199,99,122,0,2,3,15,1,Fraccionamiento Las Terrazas Residencial,San Pedro Tlaquepaque,Jalisco,Mexico,renta,Casa,0,11450
62I21C,185,185,1,2,1,1,1,Fraccionamiento Villa Fontana,San Pedro Tlaquepaque,Jalisco,Mexico,renta,Casa,0,32000
63057D,75,120,1,1,2,10,1,Tlaquepaque,San Pedro Tlaquepaque,Jalisco,Mexico,renta,Casa,0,10500
60PTIP,119,162,0,2,0,5,1,Camino Real A Santa Anita,San Pedro Tlaquepaque,Jalisco,Mexico,renta,Casa,0,18000
61SLTB,80,60,1,1,2,15,0,Parques de Santa Maria,San Pedro Tlaquepaque,Jalisco,Mexico,renta,Casa,0,9500
62IFGF,300,215,0,3,4,10,1,Cerro Del Tesoro,San Pedro Tlaquepaque,Jalisco,Mexico,renta,Casa,0,25000
62TQGC,80,180,0,1,5,13,1,Parques de Santa Maria,San Pedro Tlaquepaque,Jalisco,Mexico,renta,Casa,0,12000
61S7JI,80,81,0,2,2,15,0,Cantares Del Paraíso,San Pedro Tlaquepaque,Jalisco,Mexico,renta,Casa,0,9600
PHO7394039,69,69,1,2,2,1,1,Fraccionamiento Parques Santa Cruz Del Valle,San Pedro Tlaquepaque,Jalisco,Mexico,renta,Casa,0,9150
61P199,99,122,0,2,3,15,1,Fraccionamiento Las Terrazas Residencial,San Pedro Tlaquepaque,Jalisco,Mexico,renta,Casa,0,11450
596899--482,143,93,1,2,2,A estrenar,0,Fraccionamiento Álamo Industrial,San Pedro Tlaquepaque,Jalisco,Mexico,renta,Casa,0,10000
MAMEY,96,86,1,1,2,15,1,Fraccionamiento Geovillas Los Olivos,San Pedro Tlaquepaque,Jalisco,Mexico,renta,Casa,0,8000
AHO7414302,105,78,1,1,2,A estrenar,1,Fraccionamiento Haciendas de San José,San Pedro Tlaquepaque,Jalisco,Mexico,renta,Casa,0,15000
62NIMK,80,80,1,2,3,9,1,Juan de La Barrera,San Pedro Tlaquepaque,Jalisco,Mexico,renta,Casa,0,9000
62DDJC,62,67,0,1,2,3,0,Parques de Santa Cruz Del Valle,San Pedro Tlaquepaque,Jalisco,Mexico,renta,Casa,0,7800
6297MQ,600,600,0,0,0,1,0,Las Liebres,San Pedro Tlaquepaque,Jalisco,Mexico,renta,Casa,0,54000
62F9T9,120,120,0,2,3,A estrenar,0,Pedregal Del Bosque,San Pedro Tlaquepaque,Jalisco,Mexico,renta,Casa,0,13500
7HO6640259,601,419,0,6,4,14,1,Lomas de Santa Anita,San Pedro Tlaquepaque,Jalisco,Mexico,renta,Casa,0,65000
62LAQN,160,120,1,1,2,19,1,Fraccionamiento Loreto,San Pedro Tlaquepaque,Jalisco,Mexico,renta,Casa,0,10500
62G8RR,120,120,1,1,1,8,0,El Tapatío,San Pedro Tlaquepaque,Jalisco,Mexico,renta,Casa,0,12000
62C7DL,90,120,0,2,3,5,1,ITESO,San Pedro Tlaquepaque,Jalisco,Mexico,renta,Casa,0,17000
62QEHN,400,200,1,2,2,A estrenar,0,El Tapatío,San Pedro Tlaquepaque,Jalisco,Mexico,renta,Casa,0,15000
5SN32K,83,82,0,2,2,1,0,Pedregal Del Bosque,San Pedro Tlaquepaque,Jalisco,Mexico,renta,Casa,0,11500
62GMPG,75,70,0,2,3,5,0,Fraccionamiento Parques Santa Cruz Del Valle,San Pedro Tlaquepaque,Jalisco,Mexico,renta,Casa,0,8500
5ORS7G,635,498,0,4,4,8,1,Cielo Contry Club,Tlajomulco de Zúñiga,Jalisco,Mexico,venta / renta,Casa,23900000,120000
62OIED,432,375,0,4,3,A estrenar,1,Cielo Contry Club,Tlajomulco de Zúñiga,Jalisco,Mexico,venta / renta,Casa,15400000,44500
579613--530,462,370,0,5,3,20,0,Bosques de Santa Anita,Tlajomulco de Zúñiga,Jalisco,Mexico,renta,Casa,0,35000
62S151,92,110,0,2,3,8,1,San Agustín,Tlajomulco de Zúñiga,Jalisco,Mexico,renta,Casa,0,10200
595544--618,91,135,0,2,3,3,1,Santa Anita,Tlajomulco de Zúñiga,Jalisco,Mexico,renta,Casa,0,15990
Ggllg09,260,240,0,3,4,2,0,San Martin Del Tajo,Tlajomulco de Zúñiga,Jalisco,Mexico,renta,Casa,0,33500
5PP2L5,200,220,0,2,3,10,0,Bosques de Santa Anita,Tlajomulco de Zúñiga,Jalisco,Mexico,renta,Casa,0,21900
62SC69,160,215,0,2,3,15,1,Fraccionamiento Nueva Galicia Residencial,Tlajomulco de Zúñiga,Jalisco,Mexico,renta,Casa,0,24000
62OHDF,541,434,0,4,3,9,1,Lago Nogal,Tlajomulco de Zúñiga,Jalisco,Mexico,venta / renta,Casa,15400000,40000
62D9MI,90,65,1,1,3,6,1,Vista Sur Residencial,Tlajomulco de Zúñiga,Jalisco,Mexico,renta,Casa,0,8100
62AJJL,75,90,0,2,3,7,0,Alta California Residencial,Tlajomulco de Zúñiga,Jalisco,Mexico,renta,Casa,0,8000
EB-EG9259,1410,806,0,8,4,15,0,El Palomar,Tlajomulco de Zúñiga,Jalisco,Mexico,venta / renta,Casa,13900000,70000
I24-M-143443444,657,657,0,3,4,15,1,El Palomar,Tlajomulco de Zúñiga,Jalisco,Mexico,venta / renta,Casa,11990000,40000
RCR-2248,75,75,0,2,3,4,0,Alta California Residencial,Tlajomulco de Zúñiga,Jalisco,Mexico,renta,Casa,0,9500
626E72,100,150,0,2,3,A estrenar,0,Fraccionamiento El Paraíso,Tlajomulco de Zúñiga,Jalisco,Mexico,renta,Casa,0,17000
RTAALTACALIFORNIA237,79,109,0,2,3,3,0,Alta California Residencial,Tlajomulco de Zúñiga,Jalisco,Mexico,renta,Casa,0,9000
62HTAJ,90,90,0,2,2,5,1,Jardines de Santa Anita,Tlajomulco de Zúñiga,Jalisco,Mexico,renta,Casa,0,13000
2KBDB0,300,300,0,2,3,15,0,El Palomar,Tlajomulco de Zúñiga,Jalisco,Mexico,renta,Casa,0,28000
ALTA CALIFORNIA C12,109,104,0,2,3,6,1,Alta California Residencial,Tlajomulco de Zúñiga,Jalisco,Mexico,renta,Casa,0,11000
PAT,510,560,0,4,3,30,1,Lomas de Santa Anita,Tlajomulco de Zúñiga,Jalisco,Mexico,venta / renta,Casa,8500000,35000
MEBC5C83,90,90,0,2,3,4,1,Adamar,Tlajomulco de Zúñiga,Jalisco,Mexico,renta,Casa,0,11900
6306DB,108,120,0,2,3,8,1,Tlajomulco Centro,Tlajomulco de Zúñiga,Jalisco,Mexico,renta,Casa,0,12000
61L6CJ,140,175,0,2,3,4,1,Bosques de Santa Anita,Tlajomulco de Zúñiga,Jalisco,Mexico,renta,Casa,0,17500
62GHMD,119,153,0,2,3,15,1,Fraccionamiento Nueva Galicia Residencial,Tlajomulco de Zúñiga,Jalisco,Mexico,renta,Casa,0,17000
626G1O,254,232,0,3,3,6,1,La Rioja,Tlajomulco de Zúñiga,Jalisco,Mexico,renta,Casa,0,28000
EB-UH8208,1,106,0,2,3,10,1,La Tijera,Tlajomulco de Zúñiga,Jalisco,Mexico,renta,Casa,0,12500
62O26E,85,95,1,1,2,A estrenar,1,San Agustín,Tlajomulco de Zúñiga,Jalisco,Mexico,renta,Casa,0,8500
2RL7RN,0,120,0,1,4,5,0,Real del Sol,Tlajomulco de Zúñiga,Jalisco,Mexico,renta,Casa,0,14000
62M6I4,185,156,0,2,3,6,1,Bosques de Santa Anita,Tlajomulco de Zúñiga,Jalisco,Mexico,renta,Casa,0,16000
GAVILANES VENTA,1050,490,0,3,3,20,1,Los Gavilanes Poniente,Tlajomulco de Zúñiga,Jalisco,Mexico,venta / renta,Casa,14900000,65000
605JAD,330,380,0,4,3,8,1,Tlajomulco de Zúñiga,Tlajomulco de Zúñiga,Jalisco,Mexico,venta / renta,Casa,15900000,1
61L6CJ,140,175,0,2,3,4,1,Bosques de Santa Anita,Tlajomulco de Zúñiga,Jalisco,Mexico,renta,Casa,0,17500
62DFEG,140,180,0,2,3,8,1,Las Villas,Tlajomulco de Zúñiga,Jalisco,Mexico,renta,Casa,0,25500
61EI1J,91,95,0,2,2,8,1,Adamar,Tlajomulco de Zúñiga,Jalisco,Mexico,renta,Casa,0,10500
62O26E,85,95,1,1,2,A estrenar,1,San Agustín,Tlajomulco de Zúñiga,Jalisco,Mexico,renta,Casa,0,8500
2RL7RN,0,120,0,1,4,5,0,Real del Sol,Tlajomulco de Zúñiga,Jalisco,Mexico,renta,Casa,0,14000
62KPF2,243,156,0,3,5,12,1,Casa Fuerte,Tlajomulco de Zúñiga,Jalisco,Mexico,renta,Casa,0,16000
EB-OD8512,1410,807,0,8,4,6,1,El Palomar,Tlajomulco de Zúñiga,Jalisco,Mexico,venta / renta,Casa,13890000,70000
62T60K,90,91,0,2,2,A estrenar,1,San Agustín,Tlajomulco de Zúñiga,Jalisco,Mexico,renta,Casa,0,12000
62HTAJ,90,90,0,2,2,5,1,Jardines de Santa Anita,Tlajomulco de Zúñiga,Jalisco,Mexico,renta,Casa,0,13000
62H591,126,174,0,2,2,A estrenar,0,Arboleda Bosques de Santa Anita,Tlajomulco de Zúñiga,Jalisco,Mexico,venta / renta,Casa,4400000,18000
RTAALTACALIFORNIA237,79,109,0,2,3,3,0,Alta California Residencial,Tlajomulco de Zúñiga,Jalisco,Mexico,renta,Casa,0,9000
5RLCPQ,183,250,0,2,3,15,1,Fraccionamiento Nueva Galicia Residencial,Tlajomulco de Zúñiga,Jalisco,Mexico,venta / renta,Casa,5500000,24000
62LKQO,90,99,0,3,2,5,1,Jardines de Santa Anita,Tlajomulco de Zúñiga,Jalisco,Mexico,renta,Casa,0,14000
IHO7376616,140,190,0,2,3,12,0,Fraccionamiento Senderos de Monte Verde,Tlajomulco de Zúñiga,Jalisco,Mexico,renta,Casa,0,20600
62S759,150,150,0,2,3,4,1,San Agustín,Tlajomulco de Zúñiga,Jalisco,Mexico,renta,Casa,0,16500
5P2A7F,620,640,0,3,6,A estrenar,0,Cielo Contry Club,Tlajomulco de Zúñiga,Jalisco,Mexico,venta / renta,Casa,32190000,150000
626G1O,254,232,0,3,3,6,1,La Rioja,Tlajomulco de Zúñiga,Jalisco,Mexico,renta,Casa,0,28000
321,0,100,0,2,2,3,0,Hacienda Santa Cruz,Tlajomulco de Zúñiga,Jalisco,Mexico,renta,Casa,0,13000
EB-UH8208,1,106,0,2,3,10,1,La Tijera,Tlajomulco de Zúñiga,Jalisco,Mexico,renta,Casa,0,12500
62Q8EL,90,120,0,2,3,15,1,Lomas de San Agustin,Tlajomulco de Zúñiga,Jalisco,Mexico,renta,Casa,0,9800
62M4T2,89,80,0,1,3,5,0,San Agustín,Tlajomulco de Zúñiga,Jalisco,Mexico,renta,Casa,0,11800
62S16T,139,170,0,2,4,12,0,San Agustín,Tlajomulco de Zúñiga,Jalisco,Mexico,renta,Casa,0,15900
62GHMD,119,153,0,2,3,15,1,Fraccionamiento Nueva Galicia Residencial,Tlajomulco de Zúñiga,Jalisco,Mexico,renta,Casa,0,17000
62QLIA,1000,650,0,4,4,30,1,Campo de Golf Santa Anita Condominio,Tlajomulco de Zúñiga,Jalisco,Mexico,venta / renta,Casa,19000000,45000
2KBDB0,300,300,0,2,3,15,0,El Palomar,Tlajomulco de Zúñiga,Jalisco,Mexico,renta,Casa,0,28000
RC44TR1102UR,90,119,0,2,3,5,1,Bosques de Santa Anita,Tlajomulco de Zúñiga,Jalisco,Mexico,renta,Casa,0,14000
60SFEQ,675,725,0,4,4,1,1,Puerta de Hierro,Zapopan,Jalisco,Mexico,renta,Casa,0,85000
62OLCS,203,302,0,2,4,A estrenar,0,San Andrés Cholula,San Andrés Cholula,Puebla,Mexico,renta,Casa,0,27000
GRR,2000,500,0,6,5,15,0,Jurica,Querétaro,Querétaro,Mexico,renta,Casa,0,98000
61FG08,150,278,0,2,3,A estrenar,0,El Campanario,Querétaro,Querétaro,Mexico,renta,Casa,0,27700
EB-JK9419,150,200,0,2,2,1,1,Temozón Norte,Mérida,Yucatán,Mexico,renta,Casa,0,19000
C-MA037,250,356,0,3,4,A estrenar,0,Altozano el Nuevo Querétaro,Querétaro,Querétaro,Mexico,renta,Casa,0,55000
592453--434,208,399,0,0,5,26,0,Olímpica,Coyoacán,Ciudad de México,Mexico,renta,Casa,0,46000
6299CI,182,220,0,2,4,7,1,Cancún,Benito Juárez,Quintana Roo,Mexico,venta / renta,Casa,6550000,40000
QHO7020389,435,605,0,4,4,12,1,El Campanario,Querétaro,Querétaro,Mexico,renta,Casa,0,68000
EB-TO1625,964,380,0,3,2,7,0,Fincas Ecuestres de Haras,Amozoc,Puebla,Mexico,renta,Casa,0,30000
Renta CASA PARAÍSO,599,220,0,3,3,5,0,San Diego,Ixtapan de la Sal,Edo. de México,Mexico,renta,Casa,0,4500
62DFJQ,395,330,0,3,4,6,1,Cancún,Benito Juárez,Quintana Roo,Mexico,renta,Casa,0,60000
CASA LUNA,103,72,1,2,2,10,1,Cancún,Cancún,Quintana Roo,Mexico,renta,Casa,0,15000
IHO7516442,160,240,0,2,3,21,1,Lomas Manuel Avila Camacho,Naucalpan de Juárez,Edo. de México,Mexico,renta,Casa,0,32500
3LSM0F,374,243,0,2,3,7,1,"Lagos del Sol, Cancún",Benito Juárez,Quintana Roo,Mexico,renta,Casa,0,50000
536633--487,100,62,1,1,2,12,1,Centro,Xochitepec,Morelos,Mexico,renta,Casa,0,7000
EB-SV9312,700,550,0,4,4,12,1,El Campanario,Querétaro,Querétaro,Mexico,renta,Casa,0,85000
593597--612,160,200,0,2,3,9,1,"Aqua Residencial, Cancún",Benito Juárez,Quintana Roo,Mexico,renta,Casa,0,29000
657935,143,400,0,3,3,12,1,Lomas de las Aguilas,Alvaro Obregón,Ciudad de México,Mexico,renta,Casa,0,56000
5QP58A,1333,1000,0,19,6,42,0,Jardines del Pedregal,Alvaro Obregón,Ciudad de México,Mexico,venta / renta,Casa,35900000,240000
EB-TP2216,309,415,0,3,4,A estrenar,1,Bosques de las Misiones,Santiago,Nuevo León,Mexico,venta / renta,Casa,13000000,55000
CaVRN/NNO6173,2000,412,0,10,6,30,0,San Bartolo Ameyalco,Alvaro Obregón,Ciudad de México,Mexico,renta,Casa,0,45000
6300TO,768,727,0,3,5,15,0,"Santa Fe, Juriquilla",Querétaro,Querétaro,Mexico,venta / renta,Casa,14300000,69000
62BNB7,140,110,0,2,3,4,0,Cancún,Benito Juárez,Quintana Roo,Mexico,venta / renta,Casa,3500000,17500
5SQI11,640,480,0,6,4,5,0,"Lagos del Sol, Cancún",Benito Juárez,Quintana Roo,Mexico,renta,Casa,0,92000
9394789,400,400,0,3,4,1,1,"Zona Hotelera, Cancún",Benito Juárez,Quintana Roo,Mexico,renta,Casa,0,135000
EB-TQ8774,753,604,0,6,5,13,1,Valle Real,Zapopan,Jalisco,Mexico,renta,Casa,0,97000
62ATJM,800,700,0,8,5,9,1,El Campanario,Querétaro,Querétaro,Mexico,renta,Casa,0,89000
61NPH6,282,252,0,2,3,1,0,Zibatá,El Marqués,Querétaro,Mexico,renta,Casa,0,40000
Donatella,195,388,0,2,4,10,1,"Polanco II Sección, Polanco",Miguel Hidalgo,Ciudad de México,Mexico,renta,Casa,0,118000
RCS-QHO7171132,300,309,0,3,3,5,1,Altozano el Nuevo Querétaro,Querétaro,Querétaro,Mexico,renta,Casa,0,46000
CaVRN/NNO6173,2000,412,0,10,6,30,0,San Bartolo Ameyalco,Alvaro Obregón,Ciudad de México,Mexico,renta,Casa,0,45000
657935,143,400,0,3,3,12,1,Lomas de las Aguilas,Alvaro Obregón,Ciudad de México,Mexico,renta,Casa,0,56000
EB-UC6151,130,200,0,2,3,A estrenar,1,Las Animas,Puebla,Puebla,Mexico,renta,Casa,0,21000
ALAMOS1RENTA,600,425,0,4,4,25,1,Alamos ,Cancún,Quintana Roo,Mexico,renta,Casa,0,38495
RCS_QHO6482963,170,250,0,2,4,3,1,Zibatá,El Marqués,Querétaro,Mexico,renta,Casa,0,26000
21102025,1250,1100,0,8,4,A estrenar,0,Rancho San Juan,Atizapán de Zaragoza,Edo. de México,Mexico,renta,Casa,0,120000
EB-UO2057,575,296,0,4,3,2,1,Dzityá,Mérida,Yucatán,Mexico,renta,Casa,0,25000
61QASJ,240,290,0,2,3,4,0,Privanzas del Campestre,Arteaga,Coahuila,Mexico,renta,Casa,0,37900
JCE-AureaIolita,170,170,0,2,3,1,1,Zibatá,El Marqués,Querétaro,Mexico,renta,Casa,0,19000
5S8N12,246,380,0,3,5,1,1,La Vista Residencial,Querétaro,Querétaro,Mexico,venta / renta,Casa,8950000,47000
BHO6096597,230,230,0,2,3,A estrenar,1,"Zona Hotelera, Cancún",Benito Juárez,Quintana Roo,Mexico,renta,Casa,0,50000
RENTAJARDINES1ELIA,98,105,1,2,3,8,1,Jardines del Sur,Cancún,Quintana Roo,Mexico,renta,Casa,0,15250
EB-LO8155,418,327,0,6,5,35,1,Bosques de la Herradura,Huixquilucan,Edo. de México,Mexico,renta,Casa,0,40000
LAS,261,327,0,3,3,10,1,Juriquilla,Querétaro,Querétaro,Mexico,renta,Casa,0,39000
EB-TT2850,1299,1673,0,2,14,65,0,Centro Histórico,Morelia,Michoacán,Mexico,renta,Casa,0,280000
EB-TC1828,1000,750,0,10,4,40,1,Lomas Hipódromo,Naucalpan de Juárez,Edo. de México,Mexico,renta,Casa,0,100000
RCS-QAP7192291,155,155,0,2,2,A estrenar,1,Zibatá,El Marqués,Querétaro,Mexico,renta,Casa,0,32000
61PSCK,2034,1300,0,6,4,26,0,Cuajimalpa de Morelos,Cuajimalpa de Morelos,Ciudad de México,Mexico,venta / renta,Casa,67500000,250000
EB-TO1625,964,380,0,3,2,7,0,Fincas Ecuestres de Haras,Amozoc,Puebla,Mexico,renta,Casa,0,30000
EB-UJ9190,600,600,0,4,4,9,1,Bosque Real,Huixquilucan,Edo. de México,Mexico,venta / renta,Casa,30000000,150000
FDI,1358,720,0,8,4,30,0,Jurica,Querétaro,Querétaro,Mexico,venta / renta,Casa,13000000,60000
CR-QHO6743229,180,242,0,2,3,A estrenar,0,Altozano el Nuevo Querétaro,Querétaro,Querétaro,Mexico,renta,Casa,0,32200
BHO6740842,220,558,0,2,4,A estrenar,1,Ciudad de Cancún,Cancún,Quintana Roo,Mexico,renta,Casa,0,160000
2878c1,96,120,0,1,2,10,1,Reserva Territorial Atlixcáyotl,San Andrés Cholula,Puebla,Mexico,renta,Casa,0,13000
EKS-QHO6999080,398,198,0,3,3,6,1,Zibatá,El Marqués,Querétaro,Mexico,renta,Casa,0,28000
61NPH6,282,252,0,2,3,1,0,Zibatá,El Marqués,Querétaro,Mexico,renta,Casa,0,40000
RCS-QHO7171132,300,309,0,3,3,5,1,Altozano el Nuevo Querétaro,Querétaro,Querétaro,Mexico,renta,Casa,0,46000
CaVRN/NNO6173,2000,412,0,10,6,30,0,San Bartolo Ameyalco,Alvaro Obregón,Ciudad de México,Mexico,renta,Casa,0,45000
657935,143,400,0,3,3,12,1,Lomas de las Aguilas,Alvaro Obregón,Ciudad de México,Mexico,renta,Casa,0,56000
EB-UC6151,130,200,0,2,3,A estrenar,1,Las Animas,Puebla,Puebla,Mexico,renta,Casa,0,21000
ALAMOS1RENTA,600,425,0,4,4,25,1,Alamos ,Cancún,Quintana Roo,Mexico,renta,Casa,0,38495
RCS_QHO6482963,170,250,0,2,4,3,1,Zibatá,El Marqués,Querétaro,Mexico,renta,Casa,0,26000
21102025,1250,1100,0,8,4,A estrenar,0,Rancho San Juan,Atizapán de Zaragoza,Edo. de México,Mexico,renta,Casa,0,120000
EB-UO2057,575,296,0,4,3,2,1,Dzityá,Mérida,Yucatán,Mexico,renta,Casa,0,25000
61QASJ,240,290,0,2,3,4,0,Privanzas del Campestre,Arteaga,Coahuila,Mexico,renta,Casa,0,37900
JCE-AureaIolita,170,170,0,2,3,1,1,Zibatá,El Marqués,Querétaro,Mexico,renta,Casa,0,19000
5S8N12,246,380,0,3,5,1,1,La Vista Residencial,Querétaro,Querétaro,Mexico,venta / renta,Casa,8950000,47000
RENTAJARDINES1ELIA,98,105,1,2,3,8,1,Jardines del Sur,Cancún,Quintana Roo,Mexico,renta,Casa,0,15250
RCS_QHO7331445,270,280,0,3,4,2,0,El Campanario,Querétaro,Querétaro,Mexico,renta,Casa,0,44800
EB-LO8155,418,327,0,6,5,35,1,Bosques de la Herradura,Huixquilucan,Edo. de México,Mexico,renta,Casa,0,40000
LAS,261,327,0,3,3,10,1,Juriquilla,Querétaro,Querétaro,Mexico,renta,Casa,0,39000
EB-TT2850,1299,1673,0,2,14,65,0,Centro Histórico,Morelia,Michoacán,Mexico,renta,Casa,0,280000
EB-TC1828,1000,750,0,10,4,40,1,Lomas Hipódromo,Naucalpan de Juárez,Edo. de México,Mexico,renta,Casa,0,100000
RCS-QAP7192291,155,155,0,2,2,A estrenar,1,Zibatá,El Marqués,Querétaro,Mexico,renta,Casa,0,32000
EB-TO1625,964,380,0,3,2,7,0,Fincas Ecuestres de Haras,Amozoc,Puebla,Mexico,renta,Casa,0,30000
EB-UJ9190,600,600,0,4,4,9,1,Bosque Real,Huixquilucan,Edo. de México,Mexico,venta / renta,Casa,30000000,150000
FDI,1358,720,0,8,4,30,0,Jurica,Querétaro,Querétaro,Mexico,venta / renta,Casa,13000000,60000
CR-QHO6743229,180,242,0,2,3,A estrenar,0,Altozano el Nuevo Querétaro,Querétaro,Querétaro,Mexico,renta,Casa,0,32200
BHO6740842,220,558,0,2,4,A estrenar,1,Ciudad de Cancún,Cancún,Quintana Roo,Mexico,renta,Casa,0,160000
2878c1,96,120,0,1,2,10,1,Reserva Territorial Atlixcáyotl,San Andrés Cholula,Puebla,Mexico,renta,Casa,0,13000
EKS-QHO6999080,398,198,0,3,3,6,1,Zibatá,El Marqués,Querétaro,Mexico,renta,Casa,0,28000
RCS-QHO7171132,300,309,0,3,3,5,1,Altozano el Nuevo Querétaro,Querétaro,Querétaro,Mexico,renta,Casa,0,46000
CaVRN/NNO6173,2000,412,0,10,6,30,0,San Bartolo Ameyalco,Alvaro Obregón,Ciudad de México,Mexico,renta,Casa,0,45000
657935,143,400,0,3,3,12,1,Lomas de las Aguilas,Alvaro Obregón,Ciudad de México,Mexico,renta,Casa,0,56000
EB-UC6151,130,200,0,2,3,A estrenar,1,Las Animas,Puebla,Puebla,Mexico,renta,Casa,0,21000
ALAMOS1RENTA,600,425,0,4,4,25,1,Alamos ,Cancún,Quintana Roo,Mexico,renta,Casa,0,38495
RCS_QHO6482963,170,250,0,2,4,3,1,Zibatá,El Marqués,Querétaro,Mexico,renta,Casa,0,26000
21102025,1250,1100,0,8,4,A estrenar,0,Rancho San Juan,Atizapán de Zaragoza,Edo. de México,Mexico,renta,Casa,0,120000
EB-UO2057,575,296,0,4,3,2,1,Dzityá,Mérida,Yucatán,Mexico,renta,Casa,0,25000
61QASJ,240,290,0,2,3,4,0,Privanzas del Campestre,Arteaga,Coahuila,Mexico,renta,Casa,0,37900
JCE-AureaIolita,170,170,0,2,3,1,1,Zibatá,El Marqués,Querétaro,Mexico,renta,Casa,0,19000
5S8N12,246,380,0,3,5,1,1,La Vista Residencial,Querétaro,Querétaro,Mexico,venta / renta,Casa,8950000,47000
RENTAJARDINES1ELIA,98,105,1,2,3,8,1,Jardines del Sur,Cancún,Quintana Roo,Mexico,renta,Casa,0,15250
RCS_QHO7331445,270,280,0,3,4,2,0,El Campanario,Querétaro,Querétaro,Mexico,renta,Casa,0,44800
EB-LO8155,418,327,0,6,5,35,1,Bosques de la Herradura,Huixquilucan,Edo. de México,Mexico,renta,Casa,0,40000
LAS,261,327,0,3,3,10,1,Juriquilla,Querétaro,Querétaro,Mexico,renta,Casa,0,39000
EB-TT2850,1299,1673,0,2,14,65,0,Centro Histórico,Morelia,Michoacán,Mexico,renta,Casa,0,280000
EB-TC1828,1000,750,0,10,4,40,1,Lomas Hipódromo,Naucalpan de Juárez,Edo. de México,Mexico,renta,Casa,0,100000
RCS-QAP7192291,155,155,0,2,2,A estrenar,1,Zibatá,El Marqués,Querétaro,Mexico,renta,Casa,0,32000
EB-TO1625,964,380,0,3,2,7,0,Fincas Ecuestres de Haras,Amozoc,Puebla,Mexico,renta,Casa,0,30000
EB-UJ9190,600,600,0,4,4,9,1,Bosque Real,Huixquilucan,Edo. de México,Mexico,venta / renta,Casa,30000000,150000
FDI,1358,720,0,8,4,30,0,Jurica,Querétaro,Querétaro,Mexico,venta / renta,Casa,13000000,60000
CR-QHO6743229,180,242,0,2,3,A estrenar,0,Altozano el Nuevo Querétaro,Querétaro,Querétaro,Mexico,renta,Casa,0,32200
BHO6740842,220,558,0,2,4,A estrenar,1,Ciudad de Cancún,Cancún,Quintana Roo,Mexico,renta,Casa,0,160000
2878c1,96,120,0,1,2,10,1,Reserva Territorial Atlixcáyotl,San Andrés Cholula,Puebla,Mexico,renta,Casa,0,13000
EKS-QHO6999080,398,198,0,3,3,6,1,Zibatá,El Marqués,Querétaro,Mexico,renta,Casa,0,28000